{
  "interns": [
    {
    "id": 1,
    "name": "Ananya Sharma",
    "age": 21,
    "stipend": 12000,
    "gender": "Female",
    "internship_period": 3,
    "email": "ananya.sharma@example.com"
  },
  {
    "id": 2,
    "name": "Rohan Verma",
    "age": 22,
    "stipend": 15000,
    "gender": "Male",
    "internship_period": 3,
    "email": "rohan.verma@example.com"
  },
  {
    "id": 3,
    "name": "Meera Iyer",
    "age": 20,
    "stipend": 10000,
    "gender": "Female",
    "internship_period": 3,
    "email": "meera.iyer@example.com"
  },
  {
    "id": 4,
    "name": "Amit Joshi",
    "age": 23,
    "stipend": 14000,
    "gender": "Male",
    "internship_period": 3,
    "email": "amit.joshi@example.com"
  },
  {
    "id": 5,
    "name": "Sneha Kulkarni",
    "age": 21,
    "stipend": 11000,
    "gender": "Female",
    "internship_period": 3,
    "email": "sneha.kulkarni@example.com"
  },
  {
    "id": 6,
    "name": "Kabir Singh",
    "age": 22,
    "stipend": 13000,
    "gender": "Male",
    "internship_period": 3,
    "email": "kabir.singh@example.com"
  },
  {
    "id": 7,
    "name": "Divya Nair",
    "age": 20,
    "stipend": 12500,
    "gender": "Female",
    "internship_period": 4,
    "email": "divya.nair@example.com"
  },
  {
    "id": 8,
    "name": "Rahul Gupta",
    "age": 24,
    "stipend": 16000,
    "gender": "Male",
    "internship_period": 3,
    "email": "rahul.gupta@example.com"
  },
  {
    "id": 9,
    "name": "Pooja Desai",
    "age": 21,
    "stipend": 13500,
    "gender": "Female",
    "internship_period": 4,
    "email": "pooja.desai@example.com"
  },
  {
    "id": 10,
    "name": "Nikhil Mehta",
    "age": 22,
    "stipend": 15000,
    "gender": "Male",
    "internship_period": 4,
    "email": "nikhil.mehta@example.com"
  }]
}